Parameter,Perturbation_%,Sensitivity_Index,Status
par_1,1.0,75944458237095.28,Active
par_2,1.0,2.9305836120536557,Active
par_3,1.0,1489138754686379.5,Active
par_4,1.0,11.863440900844454,Active
par_5,1.0,0.37558441614356297,Active
par_6,1.0,386625098581816.5,Active
par_7,1.0,808256092029913.0,Active
par_8,1.0,727048595639635.0,Active
par_1,5.0,1149469702186570.2,Active
par_2,5.0,191518230956352.38,Active
par_3,5.0,3351921395928071.5,Active
par_4,5.0,31.364355147080754,Active
par_5,5.0,0.3756399510437979,Active
par_6,5.0,1818368228608300.8,Active
par_7,5.0,2042452600224775.8,Active
par_8,5.0,2061333040160742.5,Active
par_1,10.0,1283660357680197.0,Active
par_2,10.0,325708886450044.3,Active
par_3,10.0,3160444914779080.5,Active
par_4,10.0,1.1019764654330664e+41,Active
par_5,10.0,28447311654945.51,Active
par_6,10.0,2447184278278888.5,Active
par_7,10.0,2368794235569616.5,Active
par_8,10.0,2549931586059615.0,Active
