Metric,Value
R2,0.9257338195117722
RMSE,1.1395784038289163
MAE,0.7376484771880814
AIC,2332.572949796721
BIC,2389.291879544787
