{
    "rho": 0.5910352780379821,
    "sigma": 0.8185143085969949,
    "n_valid_pairs": 1460,
    "noise_model_used_for_this_run": "iid",
    "mcmc_walkers": 32,
    "mcmc_steps": 1000,
    "mcmc_seed": null
}