{
    "rho": 0.5946167437820495,
    "sigma": 0.8217528451409142,
    "n_valid_pairs": 1460,
    "noise_model_used_for_this_run": "iid",
    "mcmc_walkers": 32,
    "mcmc_steps": 1000,
    "mcmc_seed": null
}